nct_id,pmid,reference_type,citation,doi,pmcid,reference_derived
NCT02792218,35266417,derived,"Gartner J, Hauser SL, Bar-Or A, Montalban X, Cohen JA, Cross AH, Deiva K, Ganjgahi H, Haring DA, Li B, Pingili R, Ramanathan K, Su W, Willi R, Kieseier B, Kappos L. Efficacy and safety of ofatumumab in recently diagnosed, treatment-naive patients with multiple sclerosis: Results from ASCLEPIOS I and II. Mult Scler. 2022 Sep;28(10):1562-1575. doi: 10.1177/13524585221078825. Epub 2022 Mar 10.",10.1177/13524585221078825,NA,TRUE
NCT02792218,32757523,derived,"Hauser SL, Bar-Or A, Cohen JA, Comi G, Correale J, Coyle PK, Cross AH, de Seze J, Leppert D, Montalban X, Selmaj K, Wiendl H, Kerloeguen C, Willi R, Li B, Kakarieka A, Tomic D, Goodyear A, Pingili R, Haring DA, Ramanathan K, Merschhemke M, Kappos L; ASCLEPIOS I and ASCLEPIOS II Trial Groups. Ofatumumab versus Teriflunomide in Multiple Sclerosis. N Engl J Med. 2020 Aug 6;383(6):546-557. doi: 10.1056/NEJMoa1917246.",10.1056/NEJMoa1917246,NA,TRUE
NCT01665144,35639197,derived,"Gold R, Piani-Meier D, Kappos L, Bar-Or A, Vermersch P, Giovannoni G, Fox RJ, Arnold DL, Benedict RHB, Penner IK, Rouyrre N, Kilaru A, Karlsson G, Ritter S, Dahlke F, Hach T, Cree BAC. Siponimod vs placebo in active secondary progressive multiple sclerosis: a post hoc analysis from the phase 3 EXPAND study. J Neurol. 2022 Sep;269(9):5093-5104. doi: 10.1007/s00415-022-11166-z. Epub 2022 May 31.",10.1007/s00415-022-11166-z,NA,TRUE
NCT01665144,35380078,derived,"Cree BA, Arnold DL, Fox RJ, Gold R, Vermersch P, Benedict RH, Bar-Or A, Piani-Meier D, Rouyrre N, Ritter S, Kilaru A, Karlsson G, Giovannoni G, Kappos L. Long-term efficacy and safety of siponimod in patients with secondary progressive multiple sclerosis: Analysis of EXPAND core and extension data up to >5 years. Mult Scler. 2022 Sep;28(10):1591-1605. doi: 10.1177/13524585221083194. Epub 2022 Apr 5.",10.1177/13524585221083194,NA,TRUE
NCT01665144,35379762,derived,"Leppert D, Kropshofer H, Haring DA, Dahlke F, Patil A, Meinert R, Tomic D, Kappos L, Kuhle J. Blood Neurofilament Light in Progressive Multiple Sclerosis: Post Hoc Analysis of 2 Randomized Controlled Trials. Neurology. 2022 May 24;98(21):e2120-e2131. doi: 10.1212/WNL.0000000000200258. Epub 2022 Apr 4.",10.1212/WNL.0000000000200258,NA,TRUE
NCT01665144,35261318,derived,"Arnold DL, Piani-Meier D, Bar-Or A, Benedict RH, Cree BA, Giovannoni G, Gold R, Vermersch P, Arnould S, Dahlke F, Hach T, Ritter S, Karlsson G, Kappos L, Fox RJ; EXPAND Clinical Investigators. Effect of siponimod on magnetic resonance imaging measures of neurodegeneration and myelination in secondary progressive multiple sclerosis: Gray matter atrophy and magnetization transfer ratio analyses from the EXPAND phase 3 trial. Mult Scler. 2022 Sep;28(10):1526-1540. doi: 10.1177/13524585221076717. Epub 2022 Mar 9.",10.1177/13524585221076717,NA,TRUE
NCT01665144,33791945,derived,"Schur N, Gudala K, Vudumula U, Vadapalle S, Bhadhuri A, Casanova A, Adlard N, Schwenkglenks M. Cost Effectiveness and Budget Impact of Siponimod Compared to Interferon Beta-1a in the Treatment of Adult Patients with Secondary Progressive Multiple Sclerosis with Active Disease in Switzerland. Pharmacoeconomics. 2021 May;39(5):563-577. doi: 10.1007/s40273-021-01023-8. Epub 2021 Apr 1.",10.1007/s40273-021-01023-8,NA,TRUE
NCT01665144,33328324,derived,"Benedict RHB, Tomic D, Cree BA, Fox R, Giovannoni G, Bar-Or A, Gold R, Vermersch P, Pohlmann H, Wright I, Karlsson G, Dahlke F, Wolf C, Kappos L. Siponimod and Cognition in Secondary Progressive Multiple Sclerosis: EXPAND Secondary Analyses. Neurology. 2021 Jan 19;96(3):e376-e386. doi: 10.1212/WNL.0000000000011275. Epub 2020 Dec 16.",10.1212/WNL.0000000000011275,NA,TRUE
NCT01665144,29576505,derived,"Kappos L, Bar-Or A, Cree BAC, Fox RJ, Giovannoni G, Gold R, Vermersch P, Arnold DL, Arnould S, Scherz T, Wolf C, Wallstrom E, Dahlke F; EXPAND Clinical Investigators. Siponimod versus placebo in secondary progressive multiple sclerosis (EXPAND): a double-blind, randomised, phase 3 study. Lancet. 2018 Mar 31;391(10127):1263-1273. doi: 10.1016/S0140-6736(18)30475-6. Epub 2018 Mar 23. Erratum In: Lancet. 2018 Nov 17;392(10160):2170.",10.1016/S0140-6736(18)30475-6,NA,TRUE
NCT03160898,34218726,derived,"Rudnicki SA, Andrews JA, Genge A, Jackson C, Lechtzin N, Miller TM, Cockroft BM, Malik FI, Meng L, Wei J, Wolff AA, Shefner JM; FORTITUDE-ALS STUDY GROUP. Prescription and acceptance of durable medical equipment in FORTITUDE-ALS, a study of reldesemtiv in ALS: post hoc analyses of a randomized, double-blind, placebo-controlled clinical trial. Amyotroph Lateral Scler Frontotemporal Degener. 2022 May;23(3-4):263-270. doi: 10.1080/21678421.2021.1946083. Epub 2021 Jul 5.",10.1080/21678421.2021.1946083,NA,TRUE
NCT03160898,32969758,derived,"Shefner JM, Andrews JA, Genge A, Jackson C, Lechtzin N, Miller TM, Cockroft BM, Meng L, Wei J, Wolff AA, Malik FI, Bodkin C, Brooks BR, Caress J, Dionne A, Fee D, Goutman SA, Goyal NA, Hardiman O, Hayat G, Heiman-Patterson T, Heitzman D, Henderson RD, Johnston W, Karam C, Kiernan MC, Kolb SJ, Korngut L, Ladha S, Matte G, Mora JS, Needham M, Oskarsson B, Pattee GL, Pioro EP, Pulley M, Quan D, Rezania K, Schellenberg KL, Schultz D, Shoesmith C, Simmons Z, Statland J, Sultan S, Swenson A, Berg LHVD, Vu T, Vucic S, Weiss M, Whyte-Rayson A, Wymer J, Zinman L, Rudnicki SA. A Phase 2, Double-Blind, Randomized, Dose-Ranging Trial Of Reldesemtiv In Patients With ALS. Amyotroph Lateral Scler Frontotemporal Degener. 2021 May;22(3-4):287-299. doi: 10.1080/21678421.2020.1822410. Epub 2020 Sep 24.",10.1080/21678421.2020.1822410,NA,TRUE
NCT03160898,31081694,derived,"Shefner JM, Cudkowicz ME, Hardiman O, Cockcroft BM, Lee JH, Malik FI, Meng L, Rudnicki SA, Wolff AA, Andrews JA; VITALITY-ALS Study Group. A phase III trial of tirasemtiv as a potential treatment for amyotrophic lateral sclerosis. Amyotroph Lateral Scler Frontotemporal Degener. 2019;0(0):1-11. doi: 10.1080/21678421.2019.1612922. Erratum In: Amyotroph Lateral Scler Frontotemporal Degener. 2019 Jul 14;:1.",10.1080/21678421.2019.1612922,NA,TRUE
NCT04259255,34476128,derived,"Berry J, Brooks B, Genge A, Heiman-Patterson T, Appel S, Benatar M, Bowser R, Cudkowicz M, Gooch C, Shefner J, Westra J, Agnese W, Merrill C, Nelson S, Apple S. Radicava/Edaravone Findings in Biomarkers From Amyotrophic Lateral Sclerosis (REFINE-ALS): Protocol and Study Design. Neurol Clin Pract. 2021 Aug;11(4):e472-e479. doi: 10.1212/CPJ.0000000000000968.",10.1212/CPJ.0000000000000968,NA,TRUE
NCT02623699,36129998,derived,"Miller TM, Cudkowicz ME, Genge A, Shaw PJ, Sobue G, Bucelli RC, Chio A, Van Damme P, Ludolph AC, Glass JD, Andrews JA, Babu S, Benatar M, McDermott CJ, Cochrane T, Chary S, Chew S, Zhu H, Wu F, Nestorov I, Graham D, Sun P, McNeill M, Fanning L, Ferguson TA, Fradette S; VALOR and OLE Working Group. Trial of Antisense Oligonucleotide Tofersen for SOD1 ALS. N Engl J Med. 2022 Sep 22;387(12):1099-1110. doi: 10.1056/NEJMoa2204705.",10.1056/NEJMoa2204705,NA,TRUE
NCT02623699,32640130,derived,"Miller T, Cudkowicz M, Shaw PJ, Andersen PM, Atassi N, Bucelli RC, Genge A, Glass J, Ladha S, Ludolph AL, Maragakis NJ, McDermott CJ, Pestronk A, Ravits J, Salachas F, Trudell R, Van Damme P, Zinman L, Bennett CF, Lane R, Sandrock A, Runz H, Graham D, Houshyar H, McCampbell A, Nestorov I, Chang I, McNeill M, Fanning L, Fradette S, Ferguson TA. Phase 1-2 Trial of Antisense Oligonucleotide Tofersen for SOD1 ALS. N Engl J Med. 2020 Jul 9;383(2):109-119. doi: 10.1056/NEJMoa2003715.",10.1056/NEJMoa2003715,NA,TRUE
NCT03889249,35779553,derived,"Menon BK, Buck BH, Singh N, Deschaintre Y, Almekhlafi MA, Coutts SB, Thirunavukkarasu S, Khosravani H, Appireddy R, Moreau F, Gubitz G, Tkach A, Catanese L, Dowlatshahi D, Medvedev G, Mandzia J, Pikula A, Shankar J, Williams H, Field TS, Manosalva A, Siddiqui M, Zafar A, Imoukhuede O, Hunter G, Demchuk AM, Mishra S, Gioia LC, Jalini S, Cayer C, Phillips S, Elamin E, Shoamanesh A, Subramaniam S, Kate M, Jacquin G, Camden MC, Benali F, Alhabli I, Bala F, Horn M, Stotts G, Hill MD, Gladstone DJ, Poppe A, Sehgal A, Zhang Q, Lethebe BC, Doram C, Ademola A, Shamy M, Kenney C, Sajobi TT, Swartz RH; AcT Trial Investigators. Intravenous tenecteplase compared with alteplase for acute ischaemic stroke in Canada (AcT): a pragmatic, multicentre, open-label, registry-linked, randomised, controlled, non-inferiority trial. Lancet. 2022 Jul 16;400(10347):161-169. doi: 10.1016/S0140-6736(22)01054-6. Epub 2022 Jun 29.",10.1016/S0140-6736(22)01054-6,NA,TRUE
NCT04494256,36288714,derived,"Kim G, Nakayama L, Blum JA, Akiyama T, Boeynaems S, Chakraborty M, Couthouis J, Tassoni-Tsuchida E, Rodriguez CM, Bassik MC, Gitler AD. Genome-wide CRISPR screen reveals v-ATPase as a drug target to lower levels of ALS protein ataxin-2. Cell Rep. 2022 Oct 25;41(4):111508. doi: 10.1016/j.celrep.2022.111508.",10.1016/j.celrep.2022.111508,NA,TRUE
NCT03260920,30261917,derived,"Finger E, Berry S, Cummings J, Coleman K, Hsiung R, Feldman HH, Boxer A. Adaptive crossover designs for assessment of symptomatic treatments targeting behaviour in neurodegenerative disease: a phase 2 clinical trial of intranasal oxytocin for frontotemporal dementia (FOXY). Alzheimers Res Ther. 2018 Sep 27;10(1):102. doi: 10.1186/s13195-018-0427-2.",10.1186/s13195-018-0427-2,NA,TRUE
NCT03364036,35701185,result,"de Stefano N, Barkhof F, Montalban X, Achiron A, Derfuss T, Chan A, Hodgkinson S, Prat A, Leocani L, Schmierer K, Sellebjerg F, Vermersch P, Wiendl H, Keller B, Roy S; MAGNIFY-MS Study Group. Early Reduction of MRI Activity During 6 Months of Treatment With Cladribine Tablets for Highly Active Relapsing Multiple Sclerosis: MAGNIFY-MS. Neurol Neuroimmunol Neuroinflamm. 2022 Jun 14;9(4):e1187. doi: 10.1212/NXI.0000000000001187. Print 2022 Jul. Erratum In: Neurol Neuroimmunol Neuroinflamm. 2022 Oct 20;9(6):",10.1212/NXI.0000000000001187,NA,FALSE
NCT03364036,35672923,derived,"Schmierer K, Wiendl H, Oreja-Guevara C, Centonze D, Chudecka A, Roy S, Boschert U. Varicella zoster virus and influenza vaccine antibody titres in patients from MAGNIFY-MS who were treated with cladribine tablets for highly active relapsing multiple sclerosis. Mult Scler. 2022 Nov;28(13):2151-2153. doi: 10.1177/13524585221099413. Epub 2022 Jun 7. No abstract available.",10.1177/13524585221099413,NA,TRUE
NCT03709784,31704158,background,"De Vivo DC, Bertini E, Swoboda KJ, Hwu WL, Crawford TO, Finkel RS, Kirschner J, Kuntz NL, Parsons JA, Ryan MM, Butterfield RJ, Topaloglu H, Ben-Omran T, Sansone VA, Jong YJ, Shu F, Staropoli JF, Kerr D, Sandrock AW, Stebbins C, Petrillo M, Braley G, Johnson K, Foster R, Gheuens S, Bhan I, Reyna SP, Fradette S, Farwell W; NURTURE Study Group. Nusinersen initiated in infants during the presymptomatic stage of spinal muscular atrophy: Interim efficacy and safety results from the Phase 2 NURTURE study. Neuromuscul Disord. 2019 Nov;29(11):842-856. doi: 10.1016/j.nmd.2019.09.007. Epub 2019 Sep 12.",10.1016/j.nmd.2019.09.007,NA,FALSE
NCT03709784,29091570,background,"Finkel RS, Mercuri E, Darras BT, Connolly AM, Kuntz NL, Kirschner J, Chiriboga CA, Saito K, Servais L, Tizzano E, Topaloglu H, Tulinius M, Montes J, Glanzman AM, Bishop K, Zhong ZJ, Gheuens S, Bennett CF, Schneider E, Farwell W, De Vivo DC; ENDEAR Study Group. Nusinersen versus Sham Control in Infantile-Onset Spinal Muscular Atrophy. N Engl J Med. 2017 Nov 2;377(18):1723-1732. doi: 10.1056/NEJMoa1702752.",10.1056/NEJMoa1702752,NA,FALSE
NCT03709784,29443664,background,"Mercuri E, Darras BT, Chiriboga CA, Day JW, Campbell C, Connolly AM, Iannaccone ST, Kirschner J, Kuntz NL, Saito K, Shieh PB, Tulinius M, Mazzone ES, Montes J, Bishop KM, Yang Q, Foster R, Gheuens S, Bennett CF, Farwell W, Schneider E, De Vivo DC, Finkel RS; CHERISH Study Group. Nusinersen versus Sham Control in Later-Onset Spinal Muscular Atrophy. N Engl J Med. 2018 Feb 15;378(7):625-635. doi: 10.1056/NEJMoa1710504.",10.1056/NEJMoa1710504,NA,FALSE
NCT04349514,34713932,derived,"Hernandez ALCC, Rezende TJR, Martinez ARM, de Brito MR, Franca MC Jr. Tract-Specific Spinal Cord Diffusion Tensor Imaging in Friedreich's Ataxia. Mov Disord. 2022 Feb;37(2):354-364. doi: 10.1002/mds.28841. Epub 2021 Oct 29.",10.1002/mds.28841,NA,TRUE
NCT03689972,35483387,derived,"Foley JF, Defer G, Ryerson LZ, Cohen JA, Arnold DL, Butzkueven H, Cutter G, Giovannoni G, Killestein J, Wiendl H, Smirnakis K, Xiao S, Kong G, Kuhelj R, Campbell N; NOVA study investigators. Comparison of switching to 6-week dosing of natalizumab versus continuing with 4-week dosing in patients with relapsing-remitting multiple sclerosis (NOVA): a randomised, controlled, open-label, phase 3b trial. Lancet Neurol. 2022 Jul;21(7):608-619. doi: 10.1016/S1474-4422(22)00143-0. Epub 2022 Apr 25.",10.1016/S1474-4422(22)00143-0,NA,TRUE
NCT02906020,34897099,derived,"Peterschmitt MJ, Saiki H, Hatano T, Gasser T, Isaacson SH, Gaemers SJM, Minini P, Saubadu S, Sharma J, Walbillic S, Alcalay RN, Cutter G, Hattori N, Hoglinger GU, Marek K, Schapira AHV, Scherzer CR, Simuni T, Giladi N, Sardi SP, Fischer TZ; MOVES-PD Investigators. Safety, Pharmacokinetics, and Pharmacodynamics of Oral Venglustat in Patients with Parkinson's Disease and a GBA Mutation: Results from Part 1 of the Randomized, Double-Blinded, Placebo-Controlled MOVES-PD Trial. J Parkinsons Dis. 2022;12(2):557-570. doi: 10.3233/JPD-212714.",10.3233/JPD-212714,NA,TRUE
NCT00493298,34603507,derived,"Butzkueven H, Kappos L, Spelman T, Trojano M, Wiendl H, Su R, Liao S, Hyde R, Licata S, Ho PR, Campbell N. No evidence for loss of natalizumab effectiveness with every-6-week dosing: a propensity score-matched comparison with every-4-week dosing in patients enrolled in the Tysabri Observational Program (TOP). Ther Adv Neurol Disord. 2021 Sep 27;14:17562864211042458. doi: 10.1177/17562864211042458. eCollection 2021.",10.1177/17562864211042458,NA,TRUE
NCT00493298,32234967,derived,"Butzkueven H, Kappos L, Wiendl H, Trojano M, Spelman T, Chang I, Kasliwal R, Jaitly S, Campbell N, Ho PR, Licata S; Tysabri Observational Program (TOP) Investigators. Long-term safety and effectiveness of natalizumab treatment in clinical practice: 10 years of real-world data from the Tysabri Observational Program (TOP). J Neurol Neurosurg Psychiatry. 2020 Jun;91(6):660-668. doi: 10.1136/jnnp-2019-322326. Epub 2020 Mar 31.",10.1136/jnnp-2019-322326,NA,TRUE
NCT00493298,24532785,derived,"Butzkueven H, Kappos L, Pellegrini F, Trojano M, Wiendl H, Patel RN, Zhang A, Hotermans C, Belachew S; TYSABRI Observational Program (TOP) Investigators. Efficacy and safety of natalizumab in multiple sclerosis: interim observational programme results. J Neurol Neurosurg Psychiatry. 2014 Nov;85(11):1190-7. doi: 10.1136/jnnp-2013-306936. Epub 2014 Feb 14.",10.1136/jnnp-2013-306936,NA,TRUE
NCT03402919,33017671,derived,"Montero-Odasso M, Sarquis-Adamson Y, Kamkar N, Pieruccini-Faria F, Bray N, Cullen S, Mahon J, Titus J, Camicioli R, Borrie MJ, Bherer L, Speechley M. Dual-task gait speed assessments with an electronic walkway and a stopwatch in older adults. A reliability study. Exp Gerontol. 2020 Dec;142:111102. doi: 10.1016/j.exger.2020.111102. Epub 2020 Oct 2.",10.1016/j.exger.2020.111102,NA,TRUE
NCT02255656,34882037,derived,"Coles AJ, Jones JL, Vermersch P, Traboulsee A, Bass AD, Boster A, Chan A, Comi G, Fernandez O, Giovannoni G, Kubala Havrdova E, LaGanke C, Montalban X, Oreja-Guevara C, Piehl F, Wiendl H, Ziemssen T. Autoimmunity and long-term safety and efficacy of alemtuzumab for multiple sclerosis: Benefit/risk following review of trial and post-marketing data. Mult Scler. 2022 Apr;28(5):842-846. doi: 10.1177/13524585211061335. Epub 2021 Dec 9.",10.1177/13524585211061335,NA,TRUE
NCT02255656,34378446,derived,"Kuhle J, Daizadeh N, Benkert P, Maceski A, Barro C, Michalak Z, Sormani MP, Godin J, Shankara S, Samad TA, Jacobs A, Chung L, RÓ§sch N, Kaiser C, Mitchell CP, Leppert D, Havari E, Kappos L. Sustained reduction of serum neurofilament light chain over 7 years by alemtuzumab in early relapsing-remitting MS. Mult Scler. 2022 Apr;28(4):573-582. doi: 10.1177/13524585211032348. Epub 2021 Aug 11.",10.1177/13524585211032348,NA,TRUE
NCT02255656,33476880,derived,"Bass AD, Arroyo R, Boster AL, Boyko AN, Eichau S, Ionete C, Limmroth V, Navas C, Pelletier D, Pozzilli C, Ravenscroft J, Sousa L, Tintore M, Uitdehaag BMJ, Baker DP, Daizadeh N, Choudhry Z, Rog D; CARE-MS I, CARE-MS II, CAMMS03409, and TOPAZ investigators. Alemtuzumab outcomes by age: Post hoc analysis from the randomized CARE-MS studies over 8 years. Mult Scler Relat Disord. 2021 Apr;49:102717. doi: 10.1016/j.msard.2020.102717. Epub 2020 Dec 24.",10.1016/j.msard.2020.102717,NA,TRUE
NCT02255656,32710396,derived,"Ziemssen T, Bass AD, Berkovich R, Comi G, Eichau S, Hobart J, Hunter SF, LaGanke C, Limmroth V, Pelletier D, Pozzilli C, Schippling S, Sousa L, Traboulsee A, Uitdehaag BMJ, Van Wijmeersch B, Choudhry Z, Daizadeh N, Singer BA; CARE-MS I, CARE-MS II, CAMMS03409, and TOPAZ investigators. Efficacy and Safety of Alemtuzumab Through 9 Years of Follow-up in Patients with Highly Active Disease: Post Hoc Analysis of CARE-MS I and II Patients in the TOPAZ Extension Study. CNS Drugs. 2020 Sep;34(9):973-988. doi: 10.1007/s40263-020-00749-x.",10.1007/s40263-020-00749-x,NA,TRUE
NCT02255656,32583052,derived,"Steingo B, Al Malik Y, Bass AD, Berkovich R, Carraro M, Fernandez O, Ionete C, Massacesi L, Meuth SG, Mitsikostas DD, Pardo G, Simm RF, Traboulsee A, Choudhry Z, Daizadeh N, Compston DAS; CAMMS223, CAMMS03409, and TOPAZ Investigators. Long-term efficacy and safety of alemtuzumab in patients with RRMS: 12-year follow-up of CAMMS223. J Neurol. 2020 Nov;267(11):3343-3353. doi: 10.1007/s00415-020-09983-1. Epub 2020 Jun 24.",10.1007/s00415-020-09983-1,NA,TRUE
NCT02255656,31762387,derived,"Comi G, Alroughani R, Boster AL, Bass AD, Berkovich R, Fernandez O, Kim HJ, Limmroth V, Lycke J, Macdonell RA, Sharrack B, Singer BA, Vermersch P, Wiendl H, Ziemssen T, Jacobs A, Daizadeh N, Rodriguez CE, Traboulsee A; CARE-MS I, CARE-MS II, CAMMS03409, and TOPAZ Investigators. Efficacy of alemtuzumab in relapsing-remitting MS patients who received additional courses after the initial two courses: Pooled analysis of the CARE-MS, extension, and TOPAZ studies. Mult Scler. 2020 Dec;26(14):1866-1876. doi: 10.1177/1352458519888610. Epub 2019 Nov 25.",10.1177/1352458519888610,NA,TRUE
NCT02255656,31654272,derived,"Okai AF, Amezcua L, Berkovich RR, Chinea AR, Edwards KR, Steingo B, Walker A, Jacobs AK, Daizadeh N, Williams MJ; CARE-MS I, CARE-MS II, CAMMS03409, and TOPAZ Investigators. Efficacy and Safety of Alemtuzumab in Patients of African Descent with Relapsing-Remitting Multiple Sclerosis: 8-Year Follow-up of CARE-MS I and II (TOPAZ Study). Neurol Ther. 2019 Dec;8(2):367-381. doi: 10.1007/s40120-019-00159-2. Epub 2019 Oct 25.",10.1007/s40120-019-00159-2,NA,TRUE
NCT03318523,35921450,derived,"Lang AE, Siderowf AD, Macklin EA, Poewe W, Brooks DJ, Fernandez HH, Rascol O, Giladi N, Stocchi F, Tanner CM, Postuma RB, Simon DK, Tolosa E, Mollenhauer B, Cedarbaum JM, Fraser K, Xiao J, Evans KC, Graham DL, Sapir I, Inra J, Hutchison RM, Yang M, Fox T, Budd Haeberlein S, Dam T; SPARK Investigators. Trial of Cinpanemab in Early Parkinson's Disease. N Engl J Med. 2022 Aug 4;387(5):408-420. doi: 10.1056/NEJMoa2203395.",10.1056/NEJMoa2203395,NA,TRUE
NCT03318523,34814867,derived,"Hutchison RM, Evans KC, Fox T, Yang M, Barakos J, Bedell BJ, Cedarbaum JM, Brys M, Siderowf A, Lang AE. Evaluating dopamine transporter imaging as an enrichment biomarker in a phase 2 Parkinson's disease trial. BMC Neurol. 2021 Nov 23;21(1):459. doi: 10.1186/s12883-021-02470-8.",10.1186/s12883-021-02470-8,NA,TRUE
NCT03950076,34022170,derived,"Li L, Poon MTC, Samarasekera NE, Perry LA, Moullaali TJ, Rodrigues MA, Loan JJM, Stephen J, Lerpiniere C, Tuna MA, Gutnikov SA, Kuker W, Silver LE, Al-Shahi Salman R, Rothwell PM. Risks of recurrent stroke and all serious vascular events after spontaneous intracerebral haemorrhage: pooled analyses of two population-based studies. Lancet Neurol. 2021 Jun;20(6):437-447. doi: 10.1016/S1474-4422(21)00075-2. Erratum In: Lancet Neurol. 2021 Jun 9;:",10.1016/S1474-4422(21)00075-2,NA,TRUE
NCT03770403,34146511,derived,"Howard JF Jr, Bril V, Vu T, Karam C, Peric S, Margania T, Murai H, Bilinska M, Shakarishvili R, Smilowski M, Guglietta A, Ulrichts P, Vangeneugden T, Utsugisawa K, Verschuuren J, Mantegazza R; ADAPT Investigator Study Group. Safety, efficacy, and tolerability of efgartigimod in patients with generalised myasthenia gravis (ADAPT): a multicentre, randomised, placebo-controlled, phase 3 trial. Lancet Neurol. 2021 Jul;20(7):526-536. doi: 10.1016/S1474-4422(21)00159-9. Erratum In: Lancet Neurol. 2021 Aug;20(8):e5.",10.1016/S1474-4422(21)00159-9,NA,TRUE
NCT04057898,34816762,background,"Oskarsson B, Maragakis N, Bedlack RS, Goyal N, Meyer JA, Genge A, Bodkin C, Maiser S, Staff N, Zinman L, Olney N, Turnbull J, Brooks BR, Klonowski E, Makhay M, Yasui S, Matsuda K. MN-166 (ibudilast) in amyotrophic lateral sclerosis in a Phase IIb/III study: COMBAT-ALS study design. Neurodegener Dis Manag. 2021 Dec;11(6):431-443. doi: 10.2217/nmt-2021-0042. Epub 2021 Nov 24.",10.2217/nmt-2021-0042,NA,FALSE
NCT04768972,35246398,derived,"Codron P, Cassereau J, Vourc'h P. InFUSing antisense oligonucleotides for treating ALS. Trends Mol Med. 2022 Apr;28(4):253-254. doi: 10.1016/j.molmed.2022.02.006. Epub 2022 Mar 1.",10.1016/j.molmed.2022.02.006,NA,TRUE
NCT03971422,37059507,result,"Bril V, Druzdz A, Grosskreutz J, Habib AA, Mantegazza R, Sacconi S, Utsugisawa K, Vissing J, Vu T, Boehnlein M, Bozorg A, Gayfieva M, Greve B, Woltering F, Kaminski HJ; MG0003 study team. Safety and efficacy of rozanolixizumab in patients with generalised myasthenia gravis (MycarinG): a randomised, double-blind, placebo-controlled, adaptive phase 3 study. Lancet Neurol. 2023 May;22(5):383-394. doi: 10.1016/S1474-4422(23)00077-7. Erratum In: Lancet Neurol. 2023 Oct;22(10):e11.",10.1016/S1474-4422(23)00077-7,NA,FALSE
NCT03971422,33219142,derived,"Bril V, Benatar M, Andersen H, Vissing J, Brock M, Greve B, Kiessling P, Woltering F, Griffin L, Van den Bergh P; MG0002 Investigators. Efficacy and Safety of Rozanolixizumab in Moderate to Severe Generalized Myasthenia Gravis: A Phase 2 Randomized Control Trial. Neurology. 2021 Feb 9;96(6):e853-e865. doi: 10.1212/WNL.0000000000011108. Epub 2020 Nov 20.",10.1212/WNL.0000000000011108,NA,TRUE
NCT02638207,35038723,derived,"Cornblath DR, van Doorn PA, Hartung HP, Merkies ISJ, Katzberg HD, Hinterberger D, Clodi E; ProCID Investigators. Randomized trial of three IVIg doses for treating chronic inflammatory demyelinating polyneuropathy. Brain. 2022 Apr 29;145(3):887-896. doi: 10.1093/brain/awab422.",10.1093/brain/awab422,NA,TRUE
NCT03505021,34536404,derived,"Cudkowicz M, Genge A, Maragakis N, Petri S, van den Berg L, Aho VV, Sarapohja T, Kuoppamaki M, Garratt C, Al-Chalabi A; REFALS investigators. Safety and efficacy of oral levosimendan in people with amyotrophic lateral sclerosis (the REFALS study): a randomised, double-blind, placebo-controlled phase 3 trial. Lancet Neurol. 2021 Oct;20(10):821-831. doi: 10.1016/S1474-4422(21)00242-8.",10.1016/S1474-4422(21)00242-8,NA,TRUE
NCT03309579,34932836,derived,"Carson JL, Stanworth SJ, Dennis JA, Trivella M, Roubinian N, Fergusson DA, Triulzi D, Doree C, Hebert PC. Transfusion thresholds for guiding red blood cell transfusion. Cochrane Database Syst Rev. 2021 Dec 21;12(12):CD002042. doi: 10.1002/14651858.CD002042.pub5.",10.1002/14651858.CD002042.pub5,NA,TRUE
NCT03855137,33942560,derived,"Boinpally R, McNamee B, Yao L, Butler M, McGeeney D, Borbridge L, Periclou A. A Single Supratherapeutic Dose of Atogepant Does Not Affect Cardiac Repolarization in Healthy Adults: Results From a Randomized, Single-Dose, Phase 1 Crossover Trial. Clin Pharmacol Drug Dev. 2021 Sep;10(9):1099-1107. doi: 10.1002/cpdd.940. Epub 2021 May 4.",10.1002/cpdd.940,NA,TRUE
NCT03855137,33142014,derived,"Min KC, Kraft WK, Bondiskey P, Colon-Gonzalez F, Liu W, Xu J, Panebianco D, Mixson L, Dockendorf MF, Matthews CZ, Boinpally R. Atogepant Is Not Associated With Clinically Meaningful Alanine Aminotransferase Elevations in Healthy Adults. Clin Transl Sci. 2021 Mar;14(2):599-605. doi: 10.1111/cts.12917. Epub 2020 Nov 24.",10.1111/cts.12917,NA,TRUE
NCT04167527,35122371,derived,"Feil K, Matusevicius M, Herzberg M, Tiedt S, Kupper C, Wischmann J, Schonecker S, Mengel A, Sartor-Pfeiffer J, Berger K, Dimitriadis K, Liebig T, Dieterich M, Mazya M, Ahmed N, Kellert L. Minor stroke in large vessel occlusion: A matched analysis of patients from the German Stroke Registry-Endovascular Treatment (GSR-ET) and patients from the Safe Implementation of Treatments in Stroke-International Stroke Thrombolysis Register (SITS-ISTR). Eur J Neurol. 2022 Jun;29(6):1619-1629. doi: 10.1111/ene.15272. Epub 2022 Feb 19.",10.1111/ene.15272,NA,TRUE
NCT03179501,25884010,background,"Miller RG, Block G, Katz JS, Barohn RJ, Gopalakrishnan V, Cudkowicz M, Zhang JR, McGrath MS, Ludington E, Appel SH, Azhir A; Phase 2 Trial NP001 Investigators. Randomized phase 2 trial of NP001-a novel immune regulator: Safety and early efficacy in ALS. Neurol Neuroimmunol Neuroinflamm. 2015 Apr 9;2(3):e100. doi: 10.1212/NXI.0000000000000100. eCollection 2015 Jun.",10.1212/NXI.0000000000000100,NA,FALSE
NCT03179501,25192333,background,"Miller RG, Zhang R, Block G, Katz J, Barohn R, Kasarskis E, Forshew D, Gopalakrishnan V, McGrath MS. NP001 regulation of macrophage activation markers in ALS: a phase I clinical and biomarker study. Amyotroph Lateral Scler Frontotemporal Degener. 2014 Dec;15(7-8):601-9. doi: 10.3109/21678421.2014.951940. Epub 2014 Sep 5.",10.3109/21678421.2014.951940,NA,FALSE
NCT03179501,23380586,background,"Zhang R, Miller RG, Madison C, Jin X, Honrada R, Harris W, Katz J, Forshew DA, McGrath MS. Systemic immune system alterations in early stages of Alzheimer's disease. J Neuroimmunol. 2013 Mar 15;256(1-2):38-42. doi: 10.1016/j.jneuroim.2013.01.002. Epub 2013 Feb 4.",10.1016/j.jneuroim.2013.01.002,NA,FALSE
NCT03179501,24528486,background,"Pey P, Pearce RK, Kalaitzakis ME, Griffin WS, Gentleman SM. Phenotypic profile of alternative activation marker CD163 is different in Alzheimer's and Parkinson's disease. Acta Neuropathol Commun. 2014 Feb 14;2:21. doi: 10.1186/2051-5960-2-21.",10.1186/2051-5960-2-21,NA,FALSE
NCT03070119,36129998,derived,"Miller TM, Cudkowicz ME, Genge A, Shaw PJ, Sobue G, Bucelli RC, Chio A, Van Damme P, Ludolph AC, Glass JD, Andrews JA, Babu S, Benatar M, McDermott CJ, Cochrane T, Chary S, Chew S, Zhu H, Wu F, Nestorov I, Graham D, Sun P, McNeill M, Fanning L, Ferguson TA, Fradette S; VALOR and OLE Working Group. Trial of Antisense Oligonucleotide Tofersen for SOD1 ALS. N Engl J Med. 2022 Sep 22;387(12):1099-1110. doi: 10.1056/NEJMoa2204705.",10.1056/NEJMoa2204705,NA,TRUE
NCT02685605,25535398,background,"Giordano FA, Brehmer S, Abo-Madyan Y, Welzel G, Sperk E, Keller A, Schneider F, Clausen S, Herskind C, Schmiedek P, Wenz F. INTRAGO: intraoperative radiotherapy in glioblastoma multiforme-a phase I/II dose escalation study. BMC Cancer. 2014 Dec 22;14:992. doi: 10.1186/1471-2407-14-992.",10.1186/1471-2407-14-992,NA,FALSE
NCT02685605,31629553,background,"Sarria GR, Sperk E, Han X, Sarria GJ, Wenz F, Brehmer S, Fu B, Min S, Zhang H, Qin S, Qiu X, Hanggi D, Abo-Madyan Y, Martinez D, Cabrera C, Giordano FA. Intraoperative radiotherapy for glioblastoma: an international pooled analysis. Radiother Oncol. 2020 Jan;142:162-167. doi: 10.1016/j.radonc.2019.09.023. Epub 2019 Oct 16.",10.1016/j.radonc.2019.09.023,NA,FALSE
NCT02685605,37150259,background,"Ayala Alvarez DS, Watson PGF, Popovic M, Heng VJ, Evans MDC, Panet-Raymond V, Seuntjens J. Evaluation of Dosimetry Formalisms in Intraoperative Radiation Therapy of Glioblastoma. Int J Radiat Oncol Biol Phys. 2023 Nov 1;117(3):763-773. doi: 10.1016/j.ijrobp.2023.04.031. Epub 2023 May 5.",10.1016/j.ijrobp.2023.04.031,NA,FALSE
NCT02685605,34858846,background,"Cifarelli CP, Jacobson GM. Intraoperative Radiotherapy in Brain Malignancies: Indications and Outcomes in Primary and Metastatic Brain Tumors. Front Oncol. 2021 Nov 11;11:768168. doi: 10.3389/fonc.2021.768168. eCollection 2021.",10.3389/fonc.2021.768168,NA,FALSE
NCT02685605,34778080,background,"Sarria GR, Smalec Z, Muedder T, Holz JA, Scafa D, Koch D, Garbe S, Schneider M, Hamed M, Vatter H, Herrlinger U, Giordano FA, Schmeel LC. Dosimetric Comparison of Upfront Boosting With Stereotactic Radiosurgery Versus Intraoperative Radiotherapy for Glioblastoma. Front Oncol. 2021 Oct 28;11:759873. doi: 10.3389/fonc.2021.759873. eCollection 2021.",10.3389/fonc.2021.759873,NA,FALSE
NCT02685605,29528443,derived,"Giordano FA, Brehmer S, Murle B, Welzel G, Sperk E, Keller A, Abo-Madyan Y, Scherzinger E, Clausen S, Schneider F, Herskind C, Glas M, Seiz-Rosenhagen M, Groden C, Hanggi D, Schmiedek P, Emami B, Souhami L, Petrecca K, Wenz F. Intraoperative Radiotherapy in Newly Diagnosed Glioblastoma (INTRAGO): An Open-Label, Dose-Escalation Phase I/II Trial. Neurosurgery. 2019 Jan 1;84(1):41-49. doi: 10.1093/neuros/nyy018.",10.1093/neuros/nyy018,NA,TRUE
NCT03504917,35151410,derived,"Jacob S, Veenstra-VanderWeele J, Murphy D, McCracken J, Smith J, Sanders K, Meyenberg C, Wiese T, Deol-Bhullar G, Wandel C, Ashford E, Anagnostou E. Efficacy and safety of balovaptan for socialisation and communication difficulties in autistic adults in North America and Europe: a phase 3, randomised, placebo-controlled trial. Lancet Psychiatry. 2022 Mar;9(3):199-210. doi: 10.1016/S2215-0366(21)00429-6. Epub 2022 Feb 10.",10.1016/S2215-0366(21)00429-6,NA,TRUE
NCT03192332,36396433,derived,"Mujanovic A, Eker O, Marnat G, Strbian D, Ijas P, Preterre C, Triquenot A, Albucher JF, Gauberti M, Weisenburger-Lile D, Ernst M, Nikoubashman O, Mpotsaris A, Gory B, Tuan Hua V, Ribo M, Liebeskind DS, Dobrocky T, Meinel TR, Buetikofer L, Gralla J, Fischer U, Kaesmacher J; SWIFT DIRECT investigators. Association of intravenous thrombolysis and pre-interventional reperfusion: a post hoc analysis of the SWIFT DIRECT trial. J Neurointerv Surg. 2022 Nov 17:jnis-2022-019585. doi: 10.1136/jnis-2022-019585. Online ahead of print.",10.1136/jnis-2022-019585,NA,TRUE
NCT03192332,35902234,derived,"Meinel TR, Kaesmacher J, Buetikofer L, Strbian D, Eker OF, Cognard C, Mordasini P, Deppeler S, Mendes Pereira V, Albucher JF, Darcourt J, Bourcier R, Guillon B, Papagiannaki C, Costentin G, Sibolt G, Raty S, Gory B, Richard S, Liman J, Ernst M, Boulanger M, Barbier C, Mechtouff L, Zhang L, Marnat G, Sibon I, Nikoubashman O, Reich A, Consoli A, Weisenburger D, Requena M, Garcia-Tornel A, Saleme S, Moulin S, Pagano P, Saliou G, Carrera E, Janot K, Boix M, Pop R, Della Schiava L, Luft A, Piotin M, Gentric JC, Pikula A, Pfeilschifter W, Arnold M, Siddiqui A, Froehler MT, Furlan AJ, Chapot R, Wiesmann M, Machi P, Diener HC, Kulcsar Z, Bonati L, Bassetti C, Escalard S, Liebeskind D, Saver JL, Fischer U, Gralla J; SWIFT-DIRECT investigators. Time to treatment with bridging intravenous alteplase before endovascular treatment:subanalysis of the randomized controlled SWIFT-DIRECT trial. J Neurointerv Surg. 2023 Sep;15(e1):e102-e110. doi: 10.1136/jnis-2022-019207. Epub 2022 Jul 28.",10.1136/jnis-2022-019207,NA,TRUE
NCT03192332,35810756,derived,"Fischer U, Kaesmacher J, Strbian D, Eker O, Cognard C, Plattner PS, Butikofer L, Mordasini P, Deppeler S, Pereira VM, Albucher JF, Darcourt J, Bourcier R, Benoit G, Papagiannaki C, Ozkul-Wermester O, Sibolt G, Tiainen M, Gory B, Richard S, Liman J, Ernst MS, Boulanger M, Barbier C, Mechtouff L, Zhang L, Marnat G, Sibon I, Nikoubashman O, Reich A, Consoli A, Lapergue B, Ribo M, Tomasello A, Saleme S, Macian F, Moulin S, Pagano P, Saliou G, Carrera E, Janot K, Hernandez-Perez M, Pop R, Schiava LD, Luft AR, Piotin M, Gentric JC, Pikula A, Pfeilschifter W, Arnold M, Siddiqui AH, Froehler MT, Furlan AJ, Chapot R, Wiesmann M, Machi P, Diener HC, Kulcsar Z, Bonati LH, Bassetti CL, Mazighi M, Liebeskind DS, Saver JL, Gralla J; SWIFT DIRECT Collaborators. Thrombectomy alone versus intravenous alteplase plus thrombectomy in patients with stroke: an open-label, blinded-outcome, randomised non-inferiority trial. Lancet. 2022 Jul 9;400(10346):104-115. doi: 10.1016/S0140-6736(22)00537-2.",10.1016/S0140-6736(22)00537-2,NA,TRUE
NCT03192332,34569878,derived,"Fischer U, Kaesmacher J, S Plattner P, Butikofer L, Mordasini P, Deppeler S, Cognard C, Pereira VM, Siddiqui AH, Froehler MT, Furlan AJ, Chapot R, Strbian D, Wiesmann M, Bressan J, Lerch S, Liebeskind DS, Saver JL, Gralla J; SWIFT DIRECT study investigators. SWIFT DIRECT: Solitaire With the Intention For Thrombectomy Plus Intravenous t-PA Versus DIRECT Solitaire Stent-retriever Thrombectomy in Acute Anterior Circulation Stroke: Methodology of a randomized, controlled, multicentre study. Int J Stroke. 2022 Jul;17(6):698-705. doi: 10.1177/17474930211048768. Epub 2021 Oct 14.",10.1177/17474930211048768,NA,TRUE
NCT02414165,33119048,derived,"Cloughesy TF, Petrecca K, Walbert T, Butowski N, Salacz M, Perry J, Damek D, Bota D, Bettegowda C, Zhu JJ, Iwamoto F, Placantonakis D, Kim L, Elder B, Kaptain G, Cachia D, Moshel Y, Brem S, Piccioni D, Landolfi J, Chen CC, Gruber H, Rao AR, Hogan D, Accomando W, Ostertag D, Montellano TT, Kheoh T, Kabbinavar F, Vogelbaum MA. Effect of Vocimagene Amiretrorepvec in Combination With Flucytosine vs Standard of Care on Survival Following Tumor Resection in Patients With Recurrent High-Grade Glioma: A Randomized Clinical Trial. JAMA Oncol. 2020 Dec 1;6(12):1939-1946. doi: 10.1001/jamaoncol.2020.3161.",10.1001/jamaoncol.2020.3161,NA,TRUE
NCT02414165,27252174,derived,"Cloughesy TF, Landolfi J, Hogan DJ, Bloomfield S, Carter B, Chen CC, Elder JB, Kalkanis SN, Kesari S, Lai A, Lee IY, Liau LM, Mikkelsen T, Nghiemphu PL, Piccioni D, Walbert T, Chu A, Das A, Diago OR, Gammon D, Gruber HE, Hanna M, Jolly DJ, Kasahara N, McCarthy D, Mitchell L, Ostertag D, Robbins JM, Rodriguez-Aguirre M, Vogelbaum MA. Phase 1 trial of vocimagene amiretrorepvec and 5-fluorocytosine for recurrent high-grade glioma. Sci Transl Med. 2016 Jun 1;8(341):341ra75. doi: 10.1126/scitranslmed.aad9784.",10.1126/scitranslmed.aad9784,NA,TRUE
NCT02782741,34800399,derived,"Diaz-Manera J, Kishnani PS, Kushlaf H, Ladha S, Mozaffar T, Straub V, Toscano A, van der Ploeg AT, Berger KI, Clemens PR, Chien YH, Day JW, Illarioshkin S, Roberts M, Attarian S, Borges JL, Bouhour F, Choi YC, Erdem-Ozdamar S, Goker-Alpan O, Kostera-Pruszczyk A, Haack KA, Hug C, Huynh-Ba O, Johnson J, Thibault N, Zhou T, Dimachkie MM, Schoser B; COMET Investigator Group. Safety and efficacy of avalglucosidase alfa versus alglucosidase alfa in patients with late-onset Pompe disease (COMET): a phase 3, randomised, multicentre trial. Lancet Neurol. 2021 Dec;20(12):1012-1026. doi: 10.1016/S1474-4422(21)00241-6. Erratum In: Lancet Neurol. 2022 Apr;21(4):e4.",10.1016/S1474-4422(21)00241-6,NA,TRUE
NCT03936361,34010223,derived,"Szejko N, Kirsch E, Falcone GJ. Genetic determinants of LDL cholesterol and risk of intracerebral haemorrhage. Curr Opin Lipidol. 2021 Aug 1;32(4):244-248. doi: 10.1097/MOL.0000000000000761.",10.1097/MOL.0000000000000761,NA,TRUE
NCT02667587,35511454,derived,"Lim M, Weller M, Idbaih A, Steinbach J, Finocchiaro G, Raval RR, Ansstas G, Baehring J, Taylor JW, Honnorat J, Petrecca K, De Vos F, Wick A, Sumrall A, Sahebjam S, Mellinghoff IK, Kinoshita M, Roberts M, Slepetis R, Warad D, Leung D, Lee M, Reardon DA, Omuro A. Phase III trial of chemoradiotherapy with temozolomide plus nivolumab or placebo for newly diagnosed glioblastoma with methylated MGMT promoter. Neuro Oncol. 2022 Nov 2;24(11):1935-1949. doi: 10.1093/neuonc/noac116.",10.1093/neuonc/noac116,NA,TRUE
NCT02667587,32691060,derived,"Woroniecka K, Fecci PE. Immuno-synergy? Neoantigen vaccines and checkpoint blockade in glioblastoma. Neuro Oncol. 2020 Sep 29;22(9):1233-1234. doi: 10.1093/neuonc/noaa170. No abstract available.",10.1093/neuonc/noaa170,NA,TRUE
NCT03866603,22166466,result,"Baumann CR. Epidemiology, diagnosis and differential diagnosis in Parkinson's disease tremor. Parkinsonism Relat Disord. 2012 Jan;18 Suppl 1:S90-2. doi: 10.1016/S1353-8020(11)70029-3.",10.1016/S1353-8020(11)70029-3,NA,FALSE
NCT01960348,36120830,derived,"Quan D, Obici L, Berk JL, Ando Y, Aldinc E, White MT, Adams D. Impact of baseline polyneuropathy severity on patisiran treatment outcomes in the APOLLO trial. Amyloid. 2023 Mar;30(1):49-58. doi: 10.1080/13506129.2022.2118043. Epub 2022 Sep 18.",10.1080/13506129.2022.2118043,NA,TRUE
NCT01960348,31322739,derived,"Zhang X, Goel V, Attarwala H, Sweetser MT, Clausen VA, Robbie GJ. Patisiran Pharmacokinetics, Pharmacodynamics, and Exposure-Response Analyses in the Phase 3 APOLLO Trial in Patients With Hereditary Transthyretin-Mediated (hATTR) Amyloidosis. J Clin Pharmacol. 2020 Jan;60(1):37-49. doi: 10.1002/jcph.1480. Epub 2019 Jul 19.",10.1002/jcph.1480,NA,TRUE
NCT01960348,30878017,derived,"Minamisawa M, Claggett B, Adams D, Kristen AV, Merlini G, Slama MS, Dispenzieri A, Shah AM, Falk RH, Karsten V, Sweetser MT, Chen J, Riese R, Vest J, Solomon SD. Association of Patisiran, an RNA Interference Therapeutic, With Regional Left Ventricular Myocardial Strain in Hereditary Transthyretin Amyloidosis: The APOLLO Study. JAMA Cardiol. 2019 May 1;4(5):466-472. doi: 10.1001/jamacardio.2019.0849.",10.1001/jamacardio.2019.0849,NA,TRUE
NCT01960348,30586695,derived,"Solomon SD, Adams D, Kristen A, Grogan M, Gonzalez-Duarte A, Maurer MS, Merlini G, Damy T, Slama MS, Brannagan TH 3rd, Dispenzieri A, Berk JL, Shah AM, Garg P, Vaishnaw A, Karsten V, Chen J, Gollob J, Vest J, Suhr O. Effects of Patisiran, an RNA Interference Therapeutic, on Cardiac Parameters in Patients With Hereditary Transthyretin-Mediated Amyloidosis. Circulation. 2019 Jan 22;139(4):431-443. doi: 10.1161/CIRCULATIONAHA.118.035831.",10.1161/CIRCULATIONAHA.118.035831,NA,TRUE
NCT01960348,29972753,derived,"Adams D, Gonzalez-Duarte A, O'Riordan WD, Yang CC, Ueda M, Kristen AV, Tournev I, Schmidt HH, Coelho T, Berk JL, Lin KP, Vita G, Attarian S, Plante-Bordeneuve V, Mezei MM, Campistol JM, Buades J, Brannagan TH 3rd, Kim BJ, Oh J, Parman Y, Sekijima Y, Hawkins PN, Solomon SD, Polydefkis M, Dyck PJ, Gandhi PJ, Goyal S, Chen J, Strahs AL, Nochur SV, Sweetser MT, Garg PP, Vaishnaw AK, Gollob JA, Suhr OB. Patisiran, an RNAi Therapeutic, for Hereditary Transthyretin Amyloidosis. N Engl J Med. 2018 Jul 5;379(1):11-21. doi: 10.1056/NEJMoa1716153.",10.1056/NEJMoa1716153,NA,TRUE
NCT01960348,28893208,derived,"Adams D, Suhr OB, Dyck PJ, Litchy WJ, Leahy RG, Chen J, Gollob J, Coelho T. Trial design and rationale for APOLLO, a Phase 3, placebo-controlled study of patisiran in patients with hereditary ATTR amyloidosis with polyneuropathy. BMC Neurol. 2017 Sep 11;17(1):181. doi: 10.1186/s12883-017-0948-5.",10.1186/s12883-017-0948-5,NA,TRUE
NCT01412333,35672926,derived,"Arnold DL, Sprenger T, Bar-Or A, Wolinsky JS, Kappos L, Kolind S, Bonati U, Magon S, van Beek J, Koendgen H, Bortolami O, Bernasconi C, Gaetano L, Traboulsee A. Ocrelizumab reduces thalamic volume loss in patients with RMS and PPMS. Mult Scler. 2022 Oct;28(12):1927-1936. doi: 10.1177/13524585221097561. Epub 2022 Jun 7.",10.1177/13524585221097561,NA,TRUE
NCT01412333,34904871,derived,"Krishnan AP, Song Z, Clayton D, Gaetano L, Jia X, de Crespigny A, Bengtsson T, Carano RAD. Joint MRI T1 Unenhancing and Contrast-enhancing Multiple Sclerosis Lesion Segmentation with Deep Learning in OPERA Trials. Radiology. 2022 Mar;302(3):662-673. doi: 10.1148/radiol.211528. Epub 2021 Dec 14.",10.1148/radiol.211528,NA,TRUE
NCT01412333,33724637,derived,"Giovannoni G, Kappos L, de Seze J, Hauser SL, Overell J, Koendgen H, Manfrini M, Wang Q, Wolinsky JS. Risk of requiring a walking aid after 6.5 years of ocrelizumab treatment in patients with relapsing multiple sclerosis: Data from the OPERA I and OPERA II trials. Eur J Neurol. 2022 Apr;29(4):1238-1242. doi: 10.1111/ene.14823. Epub 2021 May 5.",10.1111/ene.14823,NA,TRUE
NCT01412333,32690791,derived,"Hauser SL, Kappos L, Arnold DL, Bar-Or A, Brochet B, Naismith RT, Traboulsee A, Wolinsky JS, Belachew S, Koendgen H, Levesque V, Manfrini M, Model F, Hubeaux S, Mehta L, Montalban X. Five years of ocrelizumab in relapsing multiple sclerosis: OPERA studies open-label extension. Neurology. 2020 Sep 29;95(13):e1854-e1867. doi: 10.1212/WNL.0000000000010376. Epub 2020 Jul 20.",10.1212/WNL.0000000000010376,NA,TRUE
NCT01412333,32511687,derived,"Kappos L, Wolinsky JS, Giovannoni G, Arnold DL, Wang Q, Bernasconi C, Model F, Koendgen H, Manfrini M, Belachew S, Hauser SL. Contribution of Relapse-Independent Progression vs Relapse-Associated Worsening to Overall Confirmed Disability Accumulation in Typical Relapsing Multiple Sclerosis in a Pooled Analysis of 2 Randomized Clinical Trials. JAMA Neurol. 2020 Sep 1;77(9):1132-1140. doi: 10.1001/jamaneurol.2020.1568.",10.1001/jamaneurol.2020.1568,NA,TRUE
NCT01412333,28002679,derived,"Hauser SL, Bar-Or A, Comi G, Giovannoni G, Hartung HP, Hemmer B, Lublin F, Montalban X, Rammohan KW, Selmaj K, Traboulsee A, Wolinsky JS, Arnold DL, Klingelschmitt G, Masterman D, Fontoura P, Belachew S, Chin P, Mairon N, Garren H, Kappos L; OPERA I and OPERA II Clinical Investigators. Ocrelizumab versus Interferon Beta-1a in Relapsing Multiple Sclerosis. N Engl J Med. 2017 Jan 19;376(3):221-234. doi: 10.1056/NEJMoa1601277. Epub 2016 Dec 21.",10.1056/NEJMoa1601277,NA,TRUE
NCT03085810,32503093,derived,Hartung HP; ENSEMBLE Steering Committee members and study investigators. Ocrelizumab shorter infusion: Primary results from the ENSEMBLE PLUS substudy in patients with MS. Neurol Neuroimmunol Neuroinflamm. 2020 Jun 4;7(5):e807. doi: 10.1212/NXI.0000000000000807. Print 2020 Sep.,10.1212/NXI.0000000000000807,NA,TRUE
NCT04936542,34562231,derived,"Esquenazi A, Ayyoub Z, Verduzco-Gutierrez M, Maisonobe P, Otto J, Patel AT. AbobotulinumtoxinA Versus OnabotulinumtoxinA in Adults with Upper Limb Spasticity: A Randomized, Double-Blind, Crossover Study Protocol. Adv Ther. 2021 Nov;38(11):5623-5633. doi: 10.1007/s12325-021-01896-3. Epub 2021 Sep 25.",10.1007/s12325-021-01896-3,NA,TRUE
NCT04003974,23215699,background,"Barbour AM, Sarov-Blat L, Cai G, Fossler MJ, Sprecher DL, Graggaber J, McGeoch AT, Maison J, Cheriyan J. Safety, tolerability, pharmacokinetics and pharmacodynamics of losmapimod following a single intravenous or oral dose in healthy volunteers. Br J Clin Pharmacol. 2013 Jul;76(1):99-106. doi: 10.1111/bcp.12063.",10.1111/bcp.12063,NA,FALSE
NCT04003974,21262998,background,"Cheriyan J, Webb AJ, Sarov-Blat L, Elkhawad M, Wallace SM, Maki-Petaja KM, Collier DJ, Morgan J, Fang Z, Willette RN, Lepore JJ, Cockcroft JR, Sprecher DL, Wilkinson IB. Inhibition of p38 mitogen-activated protein kinase improves nitric oxide-mediated vasodilatation and reduces inflammation in hypercholesterolemia. Circulation. 2011 Feb 8;123(5):515-23. doi: 10.1161/CIRCULATIONAHA.110.971986. Epub 2011 Jan 24.",10.1161/CIRCULATIONAHA.110.971986,NA,FALSE
NCT04003974,19728363,background,"de Greef JC, Lemmers RJ, van Engelen BG, Sacconi S, Venance SL, Frants RR, Tawil R, van der Maarel SM. Common epigenetic changes of D4Z4 in contraction-dependent and contraction-independent FSHD. Hum Mutat. 2009 Oct;30(10):1449-59. doi: 10.1002/humu.21091.",10.1002/humu.21091,NA,FALSE
NCT04003974,24828906,background,"Han JJ, Kurillo G, Abresch RT, de Bie E, Nicorici A, Bajcsy R. Reachable workspace in facioscapulohumeral muscular dystrophy (FSHD) by Kinect. Muscle Nerve. 2015 Feb;51(2):168-75. doi: 10.1002/mus.24287. Epub 2014 Nov 19.",10.1002/mus.24287,NA,FALSE
NCT04003974,28171552,background,"Jagannathan S, Shadle SC, Resnick R, Snider L, Tawil RN, van der Maarel SM, Bradley RK, Tapscott SJ. Model systems of DUX4 expression recapitulate the transcriptional profile of FSHD cells. Hum Mol Genet. 2016 Oct 15;25(20):4419-4431. doi: 10.1093/hmg/ddw271.",10.1093/hmg/ddw271,NA,FALSE
NCT04003974,23873337,background,"Statland JM, Tawil R. Risk of functional impairment in Facioscapulohumeral muscular dystrophy. Muscle Nerve. 2014 Apr;49(4):520-7. doi: 10.1002/mus.23949. Epub 2014 Feb 10.",10.1002/mus.23949,NA,FALSE
NCT04003974,30312408,background,"Wang LH, Friedman SD, Shaw D, Snider L, Wong CJ, Budech CB, Poliachik SL, Gove NE, Lewis LM, Campbell AE, Lemmers RJFL, Maarel SM, Tapscott SJ, Tawil RN. MRI-informed muscle biopsies correlate MRI with pathology and DUX4 target gene expression in FSHD. Hum Mol Genet. 2019 Feb 1;28(3):476-486. doi: 10.1093/hmg/ddy364.",10.1093/hmg/ddy364,NA,FALSE
NCT04003974,35039091,derived,"Jagannathan S, de Greef JC, Hayward LJ, Yokomori K, Gabellini D, Mul K, Sacconi S, Arjomand J, Kinoshita J, Harper SQ. Meeting report: the 2021 FSHD International Research Congress. Skelet Muscle. 2022 Jan 17;12(1):1. doi: 10.1186/s13395-022-00287-8.",10.1186/s13395-022-00287-8,NA,TRUE
NCT05397470,23215699,background,"Barbour AM, Sarov-Blat L, Cai G, Fossler MJ, Sprecher DL, Graggaber J, McGeoch AT, Maison J, Cheriyan J. Safety, tolerability, pharmacokinetics and pharmacodynamics of losmapimod following a single intravenous or oral dose in healthy volunteers. Br J Clin Pharmacol. 2013 Jul;76(1):99-106. doi: 10.1111/bcp.12063.",10.1111/bcp.12063,NA,FALSE
NCT05397470,24828906,background,"Han JJ, Kurillo G, Abresch RT, de Bie E, Nicorici A, Bajcsy R. Reachable workspace in facioscapulohumeral muscular dystrophy (FSHD) by Kinect. Muscle Nerve. 2015 Feb;51(2):168-75. doi: 10.1002/mus.24287. Epub 2014 Nov 19.",10.1002/mus.24287,NA,FALSE
NCT05397470,33931884,background,"Mellion ML, Ronco L, Berends CL, Pagan L, Brooks S, van Esdonk MJ, van Brummelen EMJ, Odueyungbo A, Thompson LA, Hage M, Badrising UA, Raines S, Tracewell WG, van Engelen B, Cadavid D, Groeneveld GJ. Phase 1 clinical trial of losmapimod in facioscapulohumeral dystrophy: Safety, tolerability, pharmacokinetics, and target engagement. Br J Clin Pharmacol. 2021 Dec;87(12):4658-4669. doi: 10.1111/bcp.14884. Epub 2021 May 14.",10.1111/bcp.14884,NA,FALSE
NCT01194570,35672926,derived,"Arnold DL, Sprenger T, Bar-Or A, Wolinsky JS, Kappos L, Kolind S, Bonati U, Magon S, van Beek J, Koendgen H, Bortolami O, Bernasconi C, Gaetano L, Traboulsee A. Ocrelizumab reduces thalamic volume loss in patients with RMS and PPMS. Mult Scler. 2022 Oct;28(12):1927-1936. doi: 10.1177/13524585221097561. Epub 2022 Jun 7.",10.1177/13524585221097561,NA,TRUE
NCT01194570,33724638,derived,"Butzkueven H, Spelman T, Horakova D, Hughes S, Solaro C, Izquierdo G, Kubala Havrdova E, Grand'Maison F, Prat A, Girard M, Hupperts R, Onofrj M, Lugaresi A, Taylor B; MSBase Study Group; Giovannoni G, Kappos L, Hauser SL, Montalban X, Craveiro L, Freitas R, Model F, Overell J, Muros-Le Rouzic E, Sauter A, Wang Q, Wormser D, Wolinsky JS. Risk of requiring a wheelchair in primary progressive multiple sclerosis: Data from the ORATORIO trial and the MSBase registry. Eur J Neurol. 2022 Apr;29(4):1082-1090. doi: 10.1111/ene.14824. Epub 2021 May 6.",10.1111/ene.14824,NA,TRUE
NCT01194570,33129442,derived,"Wolinsky JS, Arnold DL, Brochet B, Hartung HP, Montalban X, Naismith RT, Manfrini M, Overell J, Koendgen H, Sauter A, Bennett I, Hubeaux S, Kappos L, Hauser SL. Long-term follow-up from the ORATORIO trial of ocrelizumab for primary progressive multiple sclerosis: a post-hoc analysis from the ongoing open-label extension of the randomised, placebo-controlled, phase 3 trial. Lancet Neurol. 2020 Dec;19(12):998-1009. doi: 10.1016/S1474-4422(20)30342-2. Epub 2020 Oct 29. Erratum In: Lancet Neurol. 2020 Nov 17;:",10.1016/S1474-4422(20)30342-2,NA,TRUE
NCT01194570,30415593,derived,"Fox EJ, Markowitz C, Applebee A, Montalban X, Wolinsky JS, Belachew S, Fiore D, Pei J, Musch B, Giovannoni G. Ocrelizumab reduces progression of upper extremity impairment in patients with primary progressive multiple sclerosis: Findings from the phase III randomized ORATORIO trial. Mult Scler. 2018 Dec;24(14):1862-1870. doi: 10.1177/1352458518808189. Epub 2018 Nov 12.",10.1177/1352458518808189,NA,TRUE
NCT01194570,30155979,derived,"Wolinsky JS, Montalban X, Hauser SL, Giovannoni G, Vermersch P, Bernasconi C, Deol-Bhullar G, Garren H, Chin P, Belachew S, Kappos L. Evaluation of no evidence of progression or active disease (NEPAD) in patients with primary progressive multiple sclerosis in the ORATORIO trial. Ann Neurol. 2018 Oct;84(4):527-536. doi: 10.1002/ana.25313.",10.1002/ana.25313,NA,TRUE
NCT01194570,28002688,derived,"Montalban X, Hauser SL, Kappos L, Arnold DL, Bar-Or A, Comi G, de Seze J, Giovannoni G, Hartung HP, Hemmer B, Lublin F, Rammohan KW, Selmaj K, Traboulsee A, Sauter A, Masterman D, Fontoura P, Belachew S, Garren H, Mairon N, Chin P, Wolinsky JS; ORATORIO Clinical Investigators. Ocrelizumab versus Placebo in Primary Progressive Multiple Sclerosis. N Engl J Med. 2017 Jan 19;376(3):209-220. doi: 10.1056/NEJMoa1606468. Epub 2016 Dec 21.",10.1056/NEJMoa1606468,NA,TRUE
NCT04840823,20616011,background,"Haramati S, Chapnik E, Sztainberg Y, Eilam R, Zwang R, Gershoni N, McGlinn E, Heiser PW, Wills AM, Wirguin I, Rubin LL, Misawa H, Tabin CJ, Brown R Jr, Chen A, Hornstein E. miRNA malfunction causes spinal motor neuron disease. Proc Natl Acad Sci U S A. 2010 Jul 20;107(29):13111-6. doi: 10.1073/pnas.1006151107. Epub 2010 Jun 29.",10.1073/pnas.1006151107,NA,FALSE
NCT04840823,26330466,background,"Emde A, Eitan C, Liou LL, Libby RT, Rivkin N, Magen I, Reichenstein I, Oppenheim H, Eilam R, Silvestroni A, Alajajian B, Ben-Dov IZ, Aebischer J, Savidor A, Levin Y, Sons R, Hammond SM, Ravits JM, Moller T, Hornstein E. Dysregulated miRNA biogenesis downstream of cellular stress and ALS-causing mutations: a new mechanism for ALS. EMBO J. 2015 Nov 3;34(21):2633-51. doi: 10.15252/embj.201490493. Epub 2015 Sep 1.",10.15252/embj.201490493,NA,FALSE
NCT04840823,31852800,background,"Reichenstein I, Eitan C, Diaz-Garcia S, Haim G, Magen I, Siany A, Hoye ML, Rivkin N, Olender T, Toth B, Ravid R, Mandelbaum AD, Yanowski E, Liang J, Rymer JK, Levy R, Beck G, Ainbinder E, Farhan SMK, Lennox KA, Bode NM, Behlke MA, Moller T, Saxena S, Moreno CAM, Costaguta G, van Eijk KR, Phatnani H, Al-Chalabi A, Basak AN, van den Berg LH, Hardiman O, Landers JE, Mora JS, Morrison KE, Shaw PJ, Veldink JH, Pfaff SL, Yizhar O, Gross C, Brown RH Jr, Ravits JM, Harms MB, Miller TM, Hornstein E. Human genetics and neuropathology suggest a link between miR-218 and amyotrophic lateral sclerosis pathophysiology. Sci Transl Med. 2019 Dec 18;11(523):eaav5264. doi: 10.1126/scitranslmed.aav5264.",10.1126/scitranslmed.aav5264,NA,FALSE
NCT02098252,11897302,background,"Fleetwood IG, Steinberg GK. Arteriovenous malformations. Lancet. 2002 Mar 9;359(9309):863-73. doi: 10.1016/S0140-6736(02)07946-1.",10.1016/S0140-6736(02)07946-1,NA,FALSE
NCT02098252,18243054,background,"Wedderburn CJ, van Beijnum J, Bhattacharya JJ, Counsell CE, Papanastassiou V, Ritchie V, Roberts RC, Sellar RJ, Warlow CP, Al-Shahi Salman R; SIVMS Collaborators. Outcome after interventional or conservative management of unruptured brain arteriovenous malformations: a prospective, population-based cohort study. Lancet Neurol. 2008 Mar;7(3):223-30. doi: 10.1016/S1474-4422(08)70026-7. Epub 2008 Feb 1.",10.1016/S1474-4422(08)70026-7,NA,FALSE
NCT02098252,8683279,background,"Brown RD Jr, Wiebers DO, Torner JC, O'Fallon WM. Frequency of intracranial hemorrhage as a presenting symptom and subtype analysis: a population-based study of intracranial vascular malformations in Olmsted Country, Minnesota. J Neurosurg. 1996 Jul;85(1):29-32. doi: 10.3171/jns.1996.85.1.0029.",10.3171/jns.1996.85.1.0029,NA,FALSE
NCT02098252,3343606,background,"Brown RD Jr, Wiebers DO, Forbes G, O'Fallon WM, Piepgras DG, Marsh WR, Maciunas RJ. The natural history of unruptured intracranial arteriovenous malformations. J Neurosurg. 1988 Mar;68(3):352-7. doi: 10.3171/jns.1988.68.3.0352.",10.3171/jns.1988.68.3.0352,NA,FALSE
NCT02098252,3885072,background,Wilkins RH. Natural history of intracranial vascular malformations: a review. Neurosurgery. 1985 Mar;16(3):421-30. doi: 10.1227/00006123-198503000-00026.,10.1227/00006123-198503000-00026,NA,FALSE
NCT02098252,19008469,background,"da Costa L, Wallace MC, Ter Brugge KG, O'Kelly C, Willinsky RA, Tymianski M. The natural history and predictive features of hemorrhage from brain arteriovenous malformations. Stroke. 2009 Jan;40(1):100-5. doi: 10.1161/STROKEAHA.108.524678. Epub 2008 Nov 13.",10.1161/STROKEAHA.108.524678,NA,FALSE
NCT02098252,23198804,background,"Gross BA, Du R. Natural history of cerebral arteriovenous malformations: a meta-analysis. J Neurosurg. 2013 Feb;118(2):437-43. doi: 10.3171/2012.10.JNS121280. Epub 2012 Nov 30.",10.3171/2012.10.JNS121280,NA,FALSE
NCT02098252,19005371,background,"Hernesniemi JA, Dashti R, Juvela S, Vaart K, Niemela M, Laakso A. Natural history of brain arteriovenous malformations: a long-term follow-up study of risk of hemorrhage in 238 patients. Neurosurgery. 2008 Nov;63(5):823-9; discussion 829-31. doi: 10.1227/01.NEU.0000330401.82582.5E.",10.1227/01.NEU.0000330401.82582.5E,NA,FALSE
NCT02098252,9596237,background,"Hartmann A, Mast H, Mohr JP, Koennecke HC, Osipov A, Pile-Spellman J, Duong DH, Young WL. Morbidity of intracranial hemorrhage in patients with cerebral arteriovenous malformation. Stroke. 1998 May;29(5):931-4. doi: 10.1161/01.str.29.5.931.",10.1161/01.str.29.5.931,NA,FALSE
NCT02098252,16224095,background,"Hartmann A, Mast H, Mohr JP, Pile-Spellman J, Connolly ES, Sciacca RR, Khaw A, Stapf C. Determinants of staged endovascular and surgical treatment outcome of brain arteriovenous malformations. Stroke. 2005 Nov;36(11):2431-5. doi: 10.1161/01.STR.0000185723.98111.75. Epub 2005 Oct 13.",10.1161/01.STR.0000185723.98111.75,NA,FALSE
NCT02098252,11022064,background,"Hartmann A, Stapf C, Hofmeister C, Mohr JP, Sciacca RR, Stein BM, Faulstich A, Mast H. Determinants of neurological outcome after surgery for brain arteriovenous malformation. Stroke. 2000 Oct;31(10):2361-4. doi: 10.1161/01.str.31.10.2361.",10.1161/01.str.31.10.2361,NA,FALSE
NCT02098252,24319022,background,"Cockroft KM, Chang KE, Lehman EB, Harbaugh RE. AVM Management Equipoise Survey: physician opinions regarding the management of brain arteriovenous malformations. J Neurointerv Surg. 2014 Dec;6(10):748-53. doi: 10.1136/neurintsurg-2013-011030. Epub 2013 Dec 6.",10.1136/neurintsurg-2013-011030,NA,FALSE
NCT02098252,17962584,background,Cockroft KM. Unruptured brain arteriovenous malformations should be treated conservatively: no. Stroke. 2007 Dec;38(12):3310-1. doi: 10.1161/STROKEAHA.107.504613. Epub 2007 Oct 25. No abstract available.,10.1161/STROKEAHA.107.504613,NA,FALSE
NCT02098252,17962585,background,"Stapf C, Mohr JP. Unruptured brain arteriovenous malformations should be treated conservatively: yes. Stroke. 2007 Dec;38(12):3308-9. doi: 10.1161/STROKEAHA.107.504605. Epub 2007 Oct 25. No abstract available.",10.1161/STROKEAHA.107.504605,NA,FALSE
NCT02098252,22068993,background,"van Beijnum J, van der Worp HB, Buis DR, Al-Shahi Salman R, Kappelle LJ, Rinkel GJ, van der Sprenkel JW, Vandertop WP, Algra A, Klijn CJ. Treatment of brain arteriovenous malformations: a systematic review and meta-analysis. JAMA. 2011 Nov 9;306(18):2011-9. doi: 10.1001/jama.2011.1632.",10.1001/jama.2011.1632,NA,FALSE
NCT02098252,22746228,background,"Davies JM, Yanamadala V, Lawton MT. Comparative effectiveness of treatments for cerebral arteriovenous malformations: trends in nationwide outcomes from 2000 to 2009. Neurosurg Focus. 2012 Jul;33(1):E11. doi: 10.3171/2012.5.FOCUS12107.",10.3171/2012.5.FOCUS12107,NA,FALSE
NCT02098252,23350776,background,"Morgan MK, Davidson AS, Koustais S, Simons M, Ritson EA. The failure of preoperative ethylene-vinyl alcohol copolymer embolization to improve outcomes in arteriovenous malformation management: case series. J Neurosurg. 2013 May;118(5):969-77. doi: 10.3171/2012.11.JNS112064. Epub 2013 Jan 25.",10.3171/2012.11.JNS112064,NA,FALSE
NCT02098252,24436345,background,"Pierot L, Fiehler J, Cognard C, Soderman M, Spelle L. Will a randomized trial of unruptured brain arteriovenous malformations change our clinical practice? AJNR Am J Neuroradiol. 2014 Mar;35(3):416-7. doi: 10.3174/ajnr.A3867. Epub 2014 Jan 16. No abstract available.",10.3174/ajnr.A3867,NA,FALSE
NCT02098252,21320821,background,Raymond J; TEAM collaborative group. Reflections on the TEAM trial: why clinical care and research should be reconciled. Can J Neurol Sci. 2011 Mar;38(2):198-202. doi: 10.1017/s0317167100011343.,10.1017/s0317167100011343,NA,FALSE
NCT02098252,21476804,background,"Saatci I, Geyik S, Yavuz K, Cekirge HS. Endovascular treatment of brain arteriovenous malformations with prolonged intranidal Onyx injection technique: long-term results in 350 consecutive patients with completed endovascular treatment course. J Neurosurg. 2011 Jul;115(1):78-88. doi: 10.3171/2011.2.JNS09830. Epub 2011 Apr 8.",10.3171/2011.2.JNS09830,NA,FALSE
NCT02098252,3760956,background,"Spetzler RF, Martin NA. A proposed grading system for arteriovenous malformations. J Neurosurg. 1986 Oct;65(4):476-83. doi: 10.3171/jns.1986.65.4.0476.",10.3171/jns.1986.65.4.0476,NA,FALSE
NCT02098252,36087316,derived,"Darsaut TE, Magro E, Bojanowski MW, Chaalala C, Nico L, Bacchus E, Klink R, Iancu D, Weill A, Roy D, Sabatier JF, Cognard C, Januel AC, Pelissou-Guyotat I, Eker O, Roche PH, Graillon T, Brunel H, Proust F, Beaujeux R, Aldea S, Piotin M, Cornu P, Shotar E, Gaberel T, Barbier C, Corre ML, Costalat V, Jecko V, Barreau X, Morandi X, Gauvrit JY, Derrey S, Papagiannaki C, Nguyen TN, Abdalkader M, Tawk RG, Huynh T, Viard G, Gevry G, Gentric JC, Raymond J; TOBAS Collaborative Group; List of participating TOBAS centers and physicians. Surgical treatment of brain arteriovenous malformations: clinical outcomes of patients included in the registry of a pragmatic randomized trial. J Neurosurg. 2022 Sep 9;138(4):891-899. doi: 10.3171/2022.7.JNS22813. Print 2023 Apr 1.",10.3171/2022.7.JNS22813,NA,TRUE
NCT02098252,28862547,derived,"Magro E, Gentric JC, Batista AL, Kotowski M, Chaalala C, Roberge D, Weill A, Stapf C, Roy D, Bojanowski MW, Darsaut TE, Klink R, Raymond J. The Treatment of Brain AVMs Study (TOBAS): an all-inclusive framework to integrate clinical care and research. J Neurosurg. 2018 Jun;128(6):1823-1829. doi: 10.3171/2017.2.JNS162751. Epub 2017 Sep 1.",10.3171/2017.2.JNS162751,NA,TRUE
NCT02098252,27236732,derived,"Magro E, Gentric JC, Darsaut TE, Batista AL, Chaalala C, Roberge D, Weill A, Roy D, Bojanowski MW, Raymond J. [Treatment of brain AVMS (TOBAS): A randomized controlled trial and registry]. Neurochirurgie. 2016 Aug;62(4):197-202. doi: 10.1016/j.neuchi.2015.12.008. Epub 2016 May 25. French.",10.1016/j.neuchi.2015.12.008,NA,TRUE
NCT02098252,26530856,derived,"Darsaut TE, Magro E, Gentric JC, Batista AL, Chaalala C, Roberge D, Bojanowski MW, Weill A, Roy D, Raymond J. Treatment of Brain AVMs (TOBAS): study protocol for a pragmatic randomized controlled trial. Trials. 2015 Nov 4;16:497. doi: 10.1186/s13063-015-1019-0.",10.1186/s13063-015-1019-0,NA,TRUE
NCT01349582,27813466,derived,"Raymond J, Gentric JC, Darsaut TE, Iancu D, Chagnon M, Weill A, Roy D. Flow diversion in the treatment of aneurysms: a randomized care trial and registry. J Neurosurg. 2017 Sep;127(3):454-462. doi: 10.3171/2016.4.JNS152662. Epub 2016 Nov 4.",10.3171/2016.4.JNS152662,NA,TRUE
NCT01139892,24849854,derived,"Naggara O, Darsaut T, Trystram D, Tselikas L, Raymond J. Unruptured intracranial aneurysms: why we must not perpetuate the impasse for another 25 years. Lancet Neurol. 2014 Jun;13(6):537-8. doi: 10.1016/S1474-4422(14)70091-2. No abstract available.",10.1016/S1474-4422(14)70091-2,NA,TRUE
NCT04115293,37059508,result,"Howard JF Jr, Bresch S, Genge A, Hewamadduma C, Hinton J, Hussain Y, Juntas-Morales R, Kaminski HJ, Maniaol A, Mantegazza R, Masuda M, Sivakumar K, Smilowski M, Utsugisawa K, Vu T, Weiss MD, Zajda M, Boroojerdi B, Brock M, de la Borderie G, Duda PW, Lowcock R, Vanderkelen M, Leite MI; RAISE Study Team. Safety and efficacy of zilucoplan in patients with generalised myasthenia gravis (RAISE): a randomised, double-blind, placebo-controlled, phase 3 study. Lancet Neurol. 2023 May;22(5):395-406. doi: 10.1016/S1474-4422(23)00080-7.",10.1016/S1474-4422(23)00080-7,NA,FALSE
NCT03315130,32065623,result,"Howard JF Jr, Nowak RJ, Wolfe GI, Freimer ML, Vu TH, Hinton JL, Benatar M, Duda PW, MacDougall JE, Farzaneh-Far R, Kaminski HJ; Zilucoplan MG Study Group; Barohn R, Dimachkie M, Pasnoor M, Farmakidis C, Liu T, Colgan S, Benatar MG, Bertorini T, Pillai R, Henegar R, Bromberg M, Gibson S, Janecki T, Freimer M, Elsheikh B, Matisak P, Genge A, Guidon A, David W, Habib AA, Mathew V, Mozaffar T, Hinton JL, Hewitt W, Barnett D, Sullivan P, Ho D, Howard JF Jr, Traub RE, Chopra M, Kaminski HJ, Aly R, Bayat E, Abu-Rub M, Khan S, Lange D, Holzberg S, Khatri B, Lindman E, Olapo T, Sershon LM, Lisak RP, Bernitsas E, Jia K, Malik R, Lewis-Collins TD, Nicolle M, Nowak RJ, Sharma A, Roy B, Nye J, Pulley M, Berger A, Shabbir Y, Sachdev A, Patterson K, Siddiqi Z, Sivak M, Bratton J, Small G, Kohli A, Fetter M, Vu T, Lam L, Harvey B, Wolfe GI, Silvestri N, Patrick K, Zakalik K, Duda PW, MacDougall J, Farzaneh-Far R, Pontius A, Hoarty M. Clinical Effects of the Self-administered Subcutaneous Complement Inhibitor Zilucoplan in Patients With Moderate to Severe Generalized Myasthenia Gravis: Results of a Phase 2 Randomized, Double-Blind, Placebo-Controlled, Multicenter Clinical Trial. JAMA Neurol. 2020 May 1;77(5):582-592. doi: 10.1001/jamaneurol.2019.5125.",10.1001/jamaneurol.2019.5125,NA,FALSE
NCT03785678,35369714,derived,"Zachrison KS, Amati V, Schwamm LH, Yan Z, Nielsen V, Christie A, Reeves MJ, Sauser JP, Lomi A, Onnela JP. Influence of Hospital Characteristics on Hospital Transfer Destinations for Patients With Stroke. Circ Cardiovasc Qual Outcomes. 2022 May;15(5):e008269. doi: 10.1161/CIRCOUTCOMES.121.008269. Epub 2022 Apr 4.",10.1161/CIRCOUTCOMES.121.008269,NA,TRUE
NCT03529045,2748771,background,"Buysse DJ, Reynolds CF 3rd, Monk TH, Berman SR, Kupfer DJ. The Pittsburgh Sleep Quality Index: a new instrument for psychiatric practice and research. Psychiatry Res. 1989 May;28(2):193-213. doi: 10.1016/0165-1781(89)90047-4.",10.1016/0165-1781(89)90047-4,NA,FALSE
NCT03529045,27394056,background,"Ekinci O, Isik U, Gunes S, Ekinci N. Understanding sleep problems in children with epilepsy: Associations with quality of life, Attention-Deficit Hyperactivity Disorder and maternal emotional symptoms. Seizure. 2016 Aug;40:108-13. doi: 10.1016/j.seizure.2016.06.011. Epub 2016 Jun 27.",10.1016/j.seizure.2016.06.011,NA,FALSE
NCT03529045,18478627,background,"Goodlin-Jones BL, Sitnick SL, Tang K, Liu J, Anders TF. The Children's Sleep Habits Questionnaire in toddlers and preschool children. J Dev Behav Pediatr. 2008 Apr;29(2):82-88. doi: 10.1097/dbp.0b013e318163c39a.",10.1097/dbp.0b013e318163c39a,NA,FALSE
NCT03529045,10660394,background,"Kwan P, Brodie MJ. Early identification of refractory epilepsy. N Engl J Med. 2000 Feb 3;342(5):314-9. doi: 10.1056/NEJM200002033420503.",10.1056/NEJM200002033420503,NA,FALSE
NCT03529045,19889013,background,"Kwan P, Arzimanoglou A, Berg AT, Brodie MJ, Allen Hauser W, Mathern G, Moshe SL, Perucca E, Wiebe S, French J. Definition of drug resistant epilepsy: consensus proposal by the ad hoc Task Force of the ILAE Commission on Therapeutic Strategies. Epilepsia. 2010 Jun;51(6):1069-77. doi: 10.1111/j.1528-1167.2009.02397.x. Epub 2009 Nov 3. Erratum In: Epilepsia. 2010 Sep;51(9):1922.",10.1111/j.1528-1167.2009.02397.x,NA,FALSE
NCT03529045,11145319,background,"Owens JA, Spirito A, McGuinn M. The Children's Sleep Habits Questionnaire (CSHQ): psychometric properties of a survey instrument for school-aged children. Sleep. 2000 Dec 15;23(8):1043-51.",NA,NA,FALSE
NCT03529045,18064739,background,"von Elm E, Altman DG, Egger M, Pocock SJ, Gotzsche PC, Vandenbroucke JP; STROBE Initiative. The Strengthening the Reporting of Observational Studies in Epidemiology (STROBE) statement: guidelines for reporting observational studies. Lancet. 2007 Oct 20;370(9596):1453-7. doi: 10.1016/S0140-6736(07)61602-X.",10.1016/S0140-6736(07)61602-X,NA,FALSE
NCT03529045,35018342,derived,"Sen A, Verner R, Valeriano JP, Lee R, Zafar M, Thomas R, Kotulska K, Jespers E, Dibue M, Kwan P; CORE-VNS Registry Group. Vagus nerve stimulation therapy in people with drug-resistant epilepsy (CORE-VNS): rationale and design of a real-world post-market comprehensive outcomes registry. BMJ Neurol Open. 2021 Dec 23;3(2):e000218. doi: 10.1136/bmjno-2021-000218. eCollection 2021.",10.1136/bmjno-2021-000218,NA,TRUE
NCT00887146,31386061,derived,"Cerhan JH, Anderson SK, Butts AM, Porter AB, Jaeckle K, Galanis E, Brown PD. Examiner accuracy in cognitive testing in multisite brain-tumor clinical trials: an analysis from the Alliance for Clinical Trials in Oncology. Neurooncol Pract. 2019 Jul;6(4):283-288. doi: 10.1093/nop/npy048. Epub 2018 Nov 24.",10.1093/nop/npy048,NA,TRUE
NCT00887146,29393183,derived,"Drappatz J, Lieberman F. Chemotherapy of Oligodendrogliomas. Prog Neurol Surg. 2018;31:152-161. doi: 10.1159/000467376. Epub 2018 Jan 25.",10.1159/000467376,NA,TRUE
NCT02398656,25677596,background,"Coutts SB, Dubuc V, Mandzia J, Kenney C, Demchuk AM, Smith EE, Subramaniam S, Goyal M, Patil S, Menon BK, Barber PA, Dowlatshahi D, Field T, Asdaghi N, Camden MC, Hill MD; TEMPO-1 Investigators. Tenecteplase-tissue-type plasminogen activator evaluation for minor ischemic stroke with proven occlusion. Stroke. 2015 Mar;46(3):769-74. doi: 10.1161/STROKEAHA.114.008504. Epub 2015 Feb 12.",10.1161/STROKEAHA.114.008504,NA,FALSE
NCT02398656,26387127,derived,"Logallo N, Kvistad CE, Thomassen L. Therapeutic Potential of Tenecteplase in the Management of Acute Ischemic Stroke. CNS Drugs. 2015;29(10):811-8. doi: 10.1007/s40263-015-0280-9.",10.1007/s40263-015-0280-9,NA,TRUE
